fdate,day_n,d_temp_h,d_temp_l,d_precip,d_tq_best_num,d_tq_worst_num,avg_temp,avg_dew,avg_humidity,avg_pressure,avg_visibility,avg_wind_speed
20151112,8814.305667,26,23,0,0,0,25.25570382,20.1370675,71.28362149,1016.729472,11.68398475,14.4414645
20151113,11084.74245,26,20,9,1,1,21.62269059,19.58659262,86.2841341,1015.361511,8.668281886,13.41813826
20151114,12129.29422,24,22,0,0,1,24.74234895,19.92313874,73.50789641,1014.281357,6.15588625,9.673192818
20151115,12012.86918,26,23,0,0,1,25.64391625,21.09382315,74.31688785,1014.756929,10.82202055,14.78659906
20151116,8929.01955,28,24,0,0,0,27.18435978,21.95461056,71.73118437,1012.896596,13.05148122,13.97574026
20151117,9093.509771,29,24,0,0,0,27.17695768,22.85404592,76.35633259,1013.405045,16.9912532,11.73347117
20151118,9571.509776,30,24,0,0,0,27.0719495,22.63106657,75.46858755,1015.775417,16.63895073,8.412023187
20151119,8936.189473,31,23,0,0,0,26.93073325,22.29649988,74.37265685,1016.688765,12.02219042,8.381559111
20151120,10324.4122,29,23,0,0,0,26.02605028,21.4992129,74.22640315,1016.708504,9.716922361,10.21385274
20151121,10715.3594,28,23,0,0,1,26.12389128,19.583707,65.43615401,1016.852648,8.683631151,9.331084096
20151122,10085.69925,29,22,0,0,0,26.67978812,19.96667975,64.98224332,1016.907321,9.386823121,10.27861013
20151123,9467.386971,29,22,0,0,0,26.456955,18.39121489,59.48091497,1016.333427,15.7220679,13.30909233
20151124,9790.679702,25,19,0,0,0,24.83333247,18.0143549,63.8360988,1016.3101,13.87511484,9.208570883
20151125,10574.18948,25,14,0,0,0,22.11429712,14.55312335,59.90269033,1018.127465,11.35865217,19.83539474
20151126,9375.509775,18,13,0,0,0,18.40022707,2.179246605,31.74931882,1021.319079,22.74163715,21.62124749
20151127,11764.6797,21,15,0,0,0,18.35182218,3.925372395,36.00139417,1022.55794,23.44828042,13.13008992
20151128,11506.03909,24,18,0,0,0,20.13026312,10.54516132,51.704465,1022.375648,13.12275414,11.0241105
20151129,10790.03909,24,18,0,0,0,22.12610018,15.16324403,62.60806764,1020.842242,6.400783625,12.07161977
20151130,9881.849626,25,19,0,0,0,22.18561214,15.87101974,65.77114419,1018.556822,5.333785122,10.98600205
20151201,8474,26,21,0,0,0,23.03844204,18.2302936,72.41265605,1017.026401,7.415299303,8.732887023
20151202,8001.509776,26,16,0,0,0,23.73910649,19.44151027,75.27308843,1016.676286,9.034694703,7.460321131
20151203,6980.189477,21,15,1,0,0,16.57810191,13.63250995,81.31775244,1020.326188,8.617364873,16.5760074
20151204,8062.52933,20,14,0,0,0,17.43492158,12.90019953,73.35606065,1021.66274,12.95396238,15.78694275
20151205,8281.019553,20,14,2,1,2,15.9835408,13.15891746,82.40835095,1018.839393,9.037910423,16.20531013
20151206,8470.189476,18,12,0.1,0,1,15.3520729,9.304412077,65.54211424,1022.262191,15.42292688,19.5440187
20151207,9308.679698,19,16,0,0,0,16.39963647,9.796476995,63.17184544,1023.561409,11.38418577,15.10805982
20151208,10125.01955,22,15,0.1,0,1,16.15543636,11.27185572,70.98689076,1022.52889,8.693578376,13.76102313
20151209,10142.6797,18,16,34,1,3,15.82693956,14.8134295,93.09152718,1016.801512,5.368839511,12.99603149
20151210,10833.3594,20,17,0,0,0,18.968953,15.60915044,79.84207449,1015.914847,5.529664745,10.01722844
20151211,14406.18948,22,18,0,0,0,19.28202881,12.84732142,64.65392065,1016.393968,12.80686926,13.36051145
20151213,11831.69925,23,18,0,0,0,21.85810542,17.56684534,74.92186746,1015.648649,8.175834366,11.05077682
20151214,9493.019549,24,14,2,0,0,18.91211851,15.62238912,80.49312904,1016.793463,7.504855882,13.6963257
20151215,10163.01955,18,12,0,0,0,17.45009077,10.41461054,61.18698446,1019.729618,11.25051252,17.38648781
20151216,9482.6797,15,9,0,0,0,14.90808292,2.174341759,38.2469209,1023.487219,10.14942769,24.64643517
20151217,9385.509777,15,8,0,0,0,13.20051214,4.247955674,27.4570269,1026.657634,23.34003887,18.12486965
20151218,11088.86917,16,11,0,0,0,13.97927221,2.087827137,34.1283937,1026.355828,22.29642857,11.44831232
20151219,10793.69925,18,13,0,0,0,16.45801511,4.784455728,43.41813689,1025.43237,13.07887487,11.60856553
20151220,9613.849623,21,15,1,0,1,16.43615951,10.95095364,69.93106802,1022.296937,6.165599294,8.984381148
20151221,9249.813785,20,17,0.1,0,1,18.44732835,15.43080928,81.50846947,1021.201973,7.654732125,9.521051147
20151222,10015.50977,22,20,0.1,0,0,19.98494207,17.26956606,83.22524305,1019.718119,4.917053043,6.286059632
20151223,9767.509774,24,20,0,0,0,21.27201962,19.1696677,86.76474685,1017.062212,4.157193828,7.037627301
20151224,11974.33985,25,15,0.8,1,1,22.20805734,20.05135916,86.66534279,1016.450752,6.467138839,11.80938685
20151225,12140.0391,17,14,0.3,0,0,17.54179362,10.59516671,61.98694439,1021.506268,13.96906646,16.10785059
20151226,10983.50978,19,13,0,0,1,15.5524374,9.547600671,65.53374855,1020.951082,9.729828883,13.46337894
20151227,11056.86918,18,13,1,0,1,15.75163845,13.16982436,83.302658,1023.21221,6.037344754,11.85488682
20151228,10451.50977,20,13,0,0,0,16.97797246,9.879505141,60.51572121,1026.842811,12.43318953,13.1063909
20151229,9842.679701,20,14,0,0,0,17.957229,11.47348098,63.52851003,1025.32911,8.184235317,12.3926455
20151230,10397.3594,19,13,1,0,0,16.48836053,11.61016731,71.53370949,1025.390106,5.786128807,12.66457797
20151231,12521.16993,20,14,0,0,0,17.56745125,10.23294463,59.75027872,1026.574506,7.375583294,13.00489672
20160101,11301.35939,22,17,0,0,0,18.89898163,12.72546694,65.2621121,1025.640866,6.730330977,10.4054792
20160102,9797.359404,23,18,0,0,0,19.69076626,14.86062188,72.28926703,1021.511929,4.073818404,8.599321303
20160103,9531.849627,23,18,5,1,1,19.25107149,18.56127146,95.62414647,1019.271707,1.778999566,4.803408054
20160104,7749.019554,22,18,0.1,1,1,20.55165466,18.97252475,90.00641388,1018.350799,7.416483208,5.57710292
20160105,9163.849619,22,18,0.1,0,3,20.96704157,19.42338905,90.88765434,1015.395842,9.552950275,6.489438482
20160106,10036.6797,23,16,0,0,0,21.64159823,16.23344767,70.18922455,1019.356321,13.58857694,14.89642477
20160107,10307.01955,22,15,0,0,0,19.4187636,12.68700345,63.28074462,1021.777448,12.27159922,10.85385103
20160108,10991.84962,22,15,0,0,0,18.95694176,12.02908389,62.17006501,1020.503362,10.79999065,12.60042137
20160109,12005.3594,21,16,0,0,0,18.87704108,12.7789723,65.76950746,1020.2472,11.4299952,12.05286413
20160110,10773.20903,21,15,16,1,2,18.86681901,15.23318792,78.13886787,1016.41108,7.844870582,12.31519106
20160111,10268.6797,18,14,20,0,1,17.80723597,14.94040902,82.63080408,1016.908065,12.98969629,13.43481907
20160112,10588,18,13,0,0,0,15.9697593,10.07036961,65.90047392,1020.434738,14.3458772,15.3228552
20160113,11377.84963,18,12,0,0,0,16.26096092,8.845453429,59.31091746,1020.680911,20.33511905,13.8658888
20160114,10837.50978,18,12,4,0,1,14.33435715,11.03686562,79.70667542,1019.244778,6.127871492,11.11881957
20160115,11740.85788,16,13,14,1,2,13.72583061,12.5168049,92.30616031,1015.256528,5.916570298,11.19212665
20160116,12274.08143,17,15,5,2,2,16.91513088,15.17932735,88.67836694,1012.75649,6.391474499,11.71716935
20160117,11795.42607,18,12,4,0,2,17.66176143,14.48279421,81.05473836,1011.899988,9.701639938,14.99632749
20160118,11161.50977,17,11,0,0,0,15.34283784,8.460824128,61.41930625,1017.700919,15.60411898,12.89940534
20160119,11589.50978,18,13,0,0,0,15.36900569,8.741257675,62.84912408,1020.350929,11.42318945,13.53895666
20160120,11206.68296,17,14,2,1,1,14.82439627,13.50738911,91.57542062,1019.570382,4.236332647,8.639679756
20160121,11724.33985,16,11,0.2,1,1,14.59930475,13.52245389,92.22218897,1017.93687,5.256296979,12.46138508
20160122,11807.17318,15,6,2,1,1,10.77059831,9.402324697,90.82813015,1020.084637,8.533134851,17.77388706
20160123,11818.64711,8,4,0.4,0,0,6.665075194,1.510659646,67.29356775,1029.407071,13.63898417,28.49382658
20160124,10015.20903,6,1,3,0,1,3.934784661,4.567932914,52.77912585,1036.161372,13.90567553,22.55056414
20160125,13470.18947,9,5,0,0,0,7.639706071,7.251811462,32.095937,1032.531035,30,14.23456969
20160126,12365.3594,13,8,1,0,1,7.779325793,3.975099174,61.61754103,1027.365868,11.65668033,12.91491697
20160127,12763.6634,14,12,10,1,2,11.21460326,9.875171758,90.51357753,1022.382732,9.786978822,9.568065455
20160128,11065.3594,16,15,36,2,3,15.34839521,14.93033064,96.80865393,1017.831936,3.061925737,9.602447998
20160129,13919.69925,19,14,20,0,1,17.25793234,15.61832438,90.24969473,1017.575954,11.06116072,7.363935654
20160130,18212.86918,19,15,0,0,0,18.00674091,13.81907218,75.29124738,1019.804448,12.31643112,13.01840927
20160131,17971.96742,18,10,3,1,1,16.22928562,12.94677745,79.37093725,1019.315722,12.15368801,9.923923116
20160201,13685.20902,12,8,13,1,1,10.22304849,8.447008554,88.35057083,1023.580668,9.331838083,17.5134698
20160202,13697.90912,11,7,1,0,1,8.469216582,4.749880967,76.1807138,1025.21881,11.55366909,16.58683468
20160203,13431.69925,15,9,0,0,0,11.01271218,5.736034953,68.32357653,1023.93893,9.844036049,12.11502084
20160204,12511.01955,17,11,0,0,0,14.66694123,9.056690915,67.37535417,1021.614762,9.378375842,15.24872017
20160205,11848.52933,18,9,0,0,0,14.42091345,6.095224894,55.65907657,1021.191488,26.66400963,17.36464685
20160206,11417.02281,18,7,0,0,0,14.64293922,3.924592613,26.01233452,1025.371286,26.67585034,21.80121043
20160207,6450.294404,16,7,0,0,0,14.59422602,6.607869916,22.4605106,1026.381322,30,16.78713996
20160208,5867.663406,16,12,0,0,0,17.33902102,4.317286347,34.67289333,1023.264506,28.6627907,11.8390992
20160209,5734.189477,21,14,0,0,0,17.89762773,7.679515034,50.1882279,1020.106204,18.59398478,8.270894299
20160210,5983.173184,21,17,0,1,1,17.42431443,12.13971275,68.74022651,1016.507553,16.0600753,9.626582273
20160211,6084.039104,23,18,0,0,0,19.28340998,16.39129928,82.42096329,1013.947422,8.28434609,7.531400712
20160212,7172.869178,25,19,0,0,1,20.47309763,18.22962461,86.54820486,1012.255769,10.90337978,10.2656723
20160213,8464.679703,26,15,0,0,0,23.01272181,20.23105514,83.56518431,1011.780086,14.10479044,16.13983634
20160214,10998.09859,22,11,0,0,0,21.06098966,15.33699858,68.93764289,1015.43167,12.33401845,17.12082715
20160215,10674.7188,13,9,0.8,0,0,11.50383238,3.370503376,55.11547388,1025.425505,14.08732429,20.32432341
20160216,10699.50978,15,10,0,0,0,11.35485036,2.12712422,50.56207858,1025.64066,13.82292366,14.77900282
20160217,10500.6797,16,11,2,0,0,12.15597038,3.894419229,56.71022471,1023.92432,11.68080862,10.13914492
20160218,10664.18948,18,12,0.6,0,1,12.89939352,10.45262846,84.49505185,1021.672824,6.327855834,6.877291596
20160219,10997.69925,17,12,10,1,1,13.9831255,12.88456231,93.01432629,1020.397728,4.803457386,9.77204423
20160220,12101.81704,18,13,1,0,0,17.36866075,5.900993198,46.73127899,1023.361053,26.15880503,13.19770522
20160221,11864.68296,18,14,0,0,0,15.47173006,9.027606614,63.60799293,1021.611039,10.17996366,13.59665034
20160222,11217.84963,18,14,0,0,1,15.45799701,13.89778197,89.38419569,1020.466309,3.246380986,10.14637456
20160223,10715.84963,17,12,0,1,1,14.21077845,11.44421875,81.78508072,1023.005064,12.68561989,15.44137278
20160224,11097.01955,15,12,0,0,0,13.39492373,7.825485208,67.13181944,1028.442654,14.84691382,17.73075124
20160225,10900.18948,16,13,0,0,0,13.81675581,8.871772901,70.54761171,1029.157357,11.52436495,13.64502269
20160226,12372.86918,18,13,0,0,0,13.99133162,10.47572722,78.36406252,1027.373247,8.947945907,11.4839476
20160227,12498.18948,19,14,0,0,0,15.93762422,10.38196533,67.92385215,1024.542091,13.34961242,12.37804235
20160228,12956.68296,21,14,0,0,0,17.15554653,10.70550857,64.03596369,1023.844607,22.87910895,10.83021202
20160229,11524.18948,23,14,0,0,0,20.40209186,8.62319439,49.09844801,1024.066272,21.16435866,13.55581182
20160301,10827.46434,24,14,0,0,0,17.23221435,11.04599672,65.30363682,1023.718852,7.696138357,11.23853104
20160302,11075.01955,24,14,0,0,0,17.37211512,10.12912091,61.3031954,1023.336873,14.11780051,10.50895771
20160303,10822.6797,24,16,0,0,0,19.30839393,14.46075655,72.14955691,1020.324183,13.27867343,9.883928937
20160304,11554.86917,26,18,0,0,0,20.32961667,16.80330056,78.67667255,1017.55256,11.81261224,7.910696889
20160305,11276.0391,26,19,0,0,0,20.93947814,17.4273695,79.38778288,1016.281273,11.41862269,5.958827021
20160306,12098.18948,25,19,0,0,0,21.73207074,18.45453832,80.41278814,1015.41826,13.97806457,9.392055445
20160307,10270.97411,26,19,0,0,0,21.03548464,18.11587782,82.77456462,1014.365104,10.01534316,9.498136924
20160308,10704.15363,26,19,5,1,1,21.48738129,18.84896233,83.52794036,1011.364722,12.39435037,9.277492395
20160309,9099.509776,24,11,5,1,1,21.21387377,20.25294459,93.55009579,1011.594772,6.546962937,6.92105569
20160310,9251.019546,13,8,2,0,1,11.24089788,8.91787568,84.99437876,1021.148197,13.12311665,22.62650118
20160311,10371.01955,12,11,0,0,0,10.27685698,5.569568818,70.14234304,1023.413319,13.57832917,16.71558277
20160312,11160.52933,15,13,0,0,1,12.57406604,9.605543922,81.44974551,1017.139386,7.63230163,10.39077809
20160313,10481.01955,20,14,2,0,1,15.1350744,14.25146129,93.91983368,1014.344435,3.160032114,10.58484954
20160314,10803.3594,18,13,0,0,0,14.99033365,10.25384677,71.66114015,1018.6906,13.44972309,13.10274428
20160315,10884.52933,18,14,0,0,1,14.28926572,10.67733104,77.32892853,1016.744125,10.48328056,8.864850432
20160316,11684.6797,18,15,0.4,0,0,15.87528013,13.54669035,85.1513564,1014.356646,7.755598209,7.558193013
20160317,11850.33985,20,18,0,0,0,17.66030346,16.55927358,92.54541523,1013.191871,7.849326779,6.833321719
20160318,17861.3594,24,21,0,0,0,20.59370512,19.3953704,91.79175605,1011.212392,5.727906389,6.21919176
20160319,18808.90827,26,20,7,0,0,21.99874164,20.61961811,91.349623,1012.698373,8.69738821,6.890789387
20160320,14757.37066,24,19,0.2,0,0,21.09678634,17.51642122,78.92853924,1013.229642,10.72079586,22.60325285
20160321,13881.01955,22,16,20,2,2,18.68851701,17.17196733,90.07193531,1013.744994,8.124498088,14.13884929
20160322,14974.6797,20,17,2,2,2,18.56935227,16.78464014,88.34134947,1012.326518,10.04069228,12.62917267
20160323,15488.52932,21,14,16,2,3,19.85521075,18.95577797,94.10603502,1012.488938,6.073308427,8.585191329
20160324,14031.84963,18,13,8,0,2,15.37507722,13.34366368,87.02251437,1020.756631,9.866838427,15.39856224
20160325,20686.52932,16,10,0,0,1,14.88194762,7.145347087,58.51307788,1024.10764,17.56411415,11.32305491
20160326,20920.0391,18,12,0,0,0,17.48071575,8.236187596,54.17829683,1023.120459,23.43428503,11.41928976
20160327,16282.7188,22,12,0,0,0,18.8966915,5.431873873,39.62068831,1023.928635,29.98703917,12.42829636
20160328,16768.18947,21,15,0,0,0,17.83941657,8.631101727,53.41422933,1023.604033,21.33074452,11.13810505
20160329,15614.68295,24,17,0,0,0,19.46317916,10.101193,53.12764196,1020.722849,14.84846579,7.746221208
20160330,15571.32355,24,19,0,0,0,20.88321304,17.26275121,79.1225411,1017.787694,4.668231001,7.785512085
20160331,16628.52931,26,20,0,0,0,22.01876925,19.23491722,83.36113559,1014.801716,2.35724394,8.868279541
20160401,20117.20902,27,21,0,0,0,22.32897156,19.2928606,81.73846522,1013.988404,9.0439129,10.82966215
20160402,18367.20902,26,21,0,0,0,23.37949352,20.03290073,79.81200448,1014.875827,9.850101345,11.2661406
20160403,15689.88873,26,19,0,0,1,23.540355,20.5620539,82.18951767,1013.902373,11.37569595,9.290690236
20160404,12015.3985,26,22,28,0,0,23.63239946,21.22421679,85.55510427,1012.011542,12.19567465,13.96841528
20160405,14728.18947,28,21,0,0,0,23.89121191,21.21128255,83.8729225,1012.734284,12.07612651,10.1279725
20160406,15780.33985,28,21,0,0,0,25.17987675,21.28285672,77.81008032,1012.377939,15.43830472,12.15656799
20160407,16123.84963,29,22,0,0,1,25.4241799,22.36679832,82.08641192,1012.720521,14.88083674,11.93104721
20160408,19132.86918,28,22,0,1,1,25.54430993,22.75730812,83.30101136,1012.62947,18.00026862,13.68783999
20160409,18794.86917,28,22,0.1,0,1,24.79620636,22.98157773,88.64697345,1010.81369,13.4328705,14.5069312
20160410,14185.3594,26,21,34,2,2,22.43907158,20.96045943,90.29310617,1008.799899,10.56400437,9.72772444
20160411,15743.85288,26,20,8,1,2,22.89526101,20.92345377,87.79174528,1009.166145,11.09244981,11.29543577
20160412,14111.50977,25,19,11,2,3,21.59980778,19.84245079,89.00413169,1007.373059,11.94710612,15.35599919
20160413,15078.49348,24,22,48,0,2,22.27478736,21.49692,95.0732692,1005.026518,6.099605269,6.35517958
20160414,16008.52933,27,23,4,1,1,24.34117382,23.55097156,94.88666739,1008.01378,4.216948812,8.706462728
20160415,19786.53258,27,21,0.1,0,1,23.7478841,21.85333923,88.64355028,1010.151494,11.67351277,18.20566369
20160416,19826.26766,27,23,0,1,1,25.7175713,23.49440803,86.65044985,1009.496102,12.91768193,18.15300248
20160417,16580.41803,29,21,4,2,2,26.35671262,24.06935164,86.099077,1009.834518,14.16264159,17.36506819
20160418,15921.01955,26,21,7,1,1,23.2126364,18.45841608,73.99167986,1014.691132,13.53694926,12.76227063
20160419,16482.6797,24,20,0,0,0,21.95719755,17.79593518,75.67911891,1016.576237,15.12539784,17.16394088
20160420,17476.86918,23,22,0,1,1,24.17069736,21.55374189,83.92086187,1013.247655,12.61238624,12.3939538
20160421,18065.20903,26,22,0.2,0,2,24.4458641,22.71245001,89.38926078,1012.118113,12.04137516,6.086282538
20160422,20124.0391,27,21,23,1,2,23.19250045,21.55261371,90.15252777,1010.22933,12.83310582,10.44431736
20160423,20704.87242,26,21,1,1,2,25.14427891,23.23568056,88.17462542,1007.694531,14.33235042,8.605072072
20160424,16029.09515,26,22,1,2,2,24.92289316,22.86968511,88.12378965,1008.270866,13.72191926,12.12912992
20160425,18067.39917,27,23,16,1,1,26.40906006,24.38664422,87.86952041,1009.383328,15.54468965,14.77785704
20160426,17963.48044,28,23,0.2,1,2,26.62802749,24.95662534,89.62476296,1008.884945,14.32304546,20.03108934
20160427,18967.46759,27,23,2,0,0,27.0248172,23.78615273,80.88760954,1007.820833,9.229358547,9.365209764
20160428,19430.34636,28,22,0,0,0,27.8496131,20.78363818,63.87078153,1010.538834,18.01568124,11.12302066
20160429,22303.07575,27,23,0,0,0,25.60889622,19.57850574,67.50225041,1013.439819,14.37999679,12.00472976
20160430,18395.73836,27,23,18,1,2,23.9838142,18.99625453,72.15518557,1011.202842,10.31879077,12.31153385
20160501,15947.69925,28,23,0,0,1,25.23472912,22.1211996,81.3301008,1010.339644,12.74383274,11.36762956
20160502,16118.3431,29,23,0,0,1,27.23861197,24.4439258,84.17780224,1010.236282,15.35088419,15.9897074
20160503,16856.52932,28,24,17,0,1,26.42556974,23.99073559,86.5615336,1011.260335,11.68601857,12.25801947
20160504,19302.37895,28,24,0,0,0,27.15253434,24.02331539,82.22565001,1010.930451,14.09737481,8.704127287
20160505,19564.83659,32,25,0,0,0,28.02919377,25.62179483,85.94882897,1009.861587,15.7288706,17.56598883
20160506,22639.17317,30,26,14,1,1,28.30118078,25.39007204,83.47268386,1009.69996,16.78629909,16.21260838
20160507,21462.56843,31,26,0,0,0,28.81855839,25.56708275,81.39342438,1010.232618,20.81867426,15.27371633
20160508,17587.54887,31,26,0,1,1,28.83739385,25.46770316,80.49664465,1011.01709,18.48584352,14.45709687
20160509,19145.01955,31,24,0,1,1,28.77373761,25.59908954,81.37265449,1009.321523,15.48717542,18.11178423
20160510,18076.86917,28,23,59,0,2,25.17524482,23.5374033,90.16568322,1007.971764,11.90823357,11.19327429
20160511,20139.69925,30,23,0,0,0,26.27767495,19.91189758,66.49473308,1008.386809,20.16722537,13.84484804
20160512,19710.6797,30,24,0,0,0,26.57994825,21.87673955,73.6924978,1009.235976,13.68271912,9.112184401
20160513,21322.37895,30,24,0,0,1,27.587919,21.77409029,68.94513653,1012.077142,24.56412132,10.61590235
20160514,20093.70251,29,24,0,0,1,27.92030644,23.27598833,74.70459336,1013.740335,15.63860526,13.90382996
20160515,17389.01955,30,22,3,1,1,27.58944516,23.93580204,79.40614096,1011.745006,14.85008717,11.97888011
20160516,21242.86917,27,22,0,0,0,25.87216001,16.20259124,54.22672219,1011.285267,22.89118617,15.74673809
20160517,20263.69925,28,22,0.1,0,0,24.94900918,19.78281779,71.57798756,1011.912588,14.15567133,10.1702103
20160518,21147.3594,28,24,0,0,1,26.53938281,20.33022435,67.2449664,1011.416899,15.63410121,11.39487746
20160519,22404.0065,28,24,0,0,1,27.16112318,22.79820092,75.51963143,1008.647033,16.00881978,14.49337869
20160520,22779.54888,29,23,60,1,3,25.76080396,23.8916355,89.07873579,1005.989097,8.63467055,13.25974323
20160521,22305.21555,28,24,83,0,2,27.11961659,24.43395679,84.48711275,1005.581851,12.47321011,13.50034594
20160522,21354.37894,28,24,0,0,0,28.9731692,21.7724564,63.53679238,1007.684251,15.61619324,13.93132083
20160523,21898.0391,30,25,0,0,0,28.54291319,22.70060677,69.77026797,1008.086653,15.9586614,10.86454336
20160524,20953.69924,31,25,0,0,0,28.30125998,24.77647404,80.35705246,1007.256478,9.059469982,11.34943673
20160525,22527.54888,31,25,0,0,1,29.07655786,24.23262757,73.27542939,1007.132157,14.5081606,13.2436208
20160526,22433.05865,31,25,0,2,2,29.93468237,24.28079274,70.04318876,1006.65674,16.48024401,15.14794641
20160527,22661.84962,30,25,2,2,2,29.16281614,24.96766936,77.58941184,1005.333624,14.24433226,23.47690094
20160528,18941.69924,29,26,15,0,2,26.70163157,25.1866849,90.71598568,1007.290388,11.8907536,13.47379242
20160529,19591.24813,31,26,0,0,1,29.17531968,26.94004425,86.60990391,1007.305366,14.26123017,17.08024502
20160530,21843.3594,31,28,0,0,1,29.59677489,27.28226254,86.20775225,1008.49546,16.33271031,18.52597211
20160531,21460.98696,32,27,0,0,0,29.92984104,26.96420608,82.72119678,1008.849275,15.77765863,21.62403715
20160601,24343.72616,33,28,0,0,0,30.07319916,27.49057348,84.70817694,1006.915474,17.14053416,22.32160525
20160602,22298.52933,32,28,0,0,0,30.60969927,27.46922246,82.61467275,1005.11369,20.55415726,19.47307348
20160603,24104.92867,33,28,0,0,1,30.65322809,27.71173098,83.28771645,1005.708803,16.29651563,23.15389506
20160604,20455.21226,33,26,4,1,1,28.42052775,25.49635834,83.36132579,1007.650386,15.40136138,12.28320953
20160605,17591.09774,29,25,16,2,2,26.44365698,24.00296043,85.89277666,1008.591456,15.23452382,9.227906378
20160606,19444.52932,30,25,39,0,1,26.76562915,24.6943867,87.82302148,1008.501802,14.99739915,10.07076484
20160607,20707.85289,31,26,0.3,0,1,28.8444919,25.32827471,80.20658458,1007.62962,14.87096216,10.42425851
20160608,21831.88872,30,25,2,2,2,28.26827701,25.24084751,82.56316172,1005.650348,14.88259972,9.424190074
20160609,16643.05865,30,26,4,1,2,28.87505248,25.44761512,80.6072428,1005.31527,15.93656107,9.794804276
20160610,16247.84963,30,26,3,2,2,29.35322552,25.71732379,79.69493571,1005.317698,16.80825267,11.85784124
20160611,16119.20901,29,26,25,3,3,27.00257335,25.60741314,91.83651969,1005.42057,14.03578538,17.41108185
20160612,19577.3594,31,27,3,2,2,27.85297802,26.64267841,92.90548502,1004.936299,11.43975643,15.75776499
20160613,21024.83659,30,26,3,2,2,29.61356278,27.70749667,88.52564084,1004.183278,19.1290319,18.34550083
20160614,20715.3594,31,28,0,1,2,29.33095508,27.34937093,87.85991539,1003.548004,18.25109393,16.90029345
20160615,21702.03909,31,28,9,1,1,29.89441012,27.58454471,86.34342189,1004.844186,16.26731294,20.82113163
20160616,22870.30726,31,27,0.2,0,2,28.54243858,25.63747515,83.73028666,1006.675525,14.74522806,10.03579589
20160617,23116.7188,31,27,12,0,1,29.57282992,26.41448774,82.29602289,1007.973202,16.38515787,16.19768182
20160618,20329.7025,32,28,0.2,0,0,30.21191735,26.95249418,81.15348051,1010.006017,15.16814391,16.88276999
20160619,19208.7188,34,28,0,0,0,30.42810408,26.20385107,76.82504978,1009.472491,19.68234001,14.14923799
20160620,23806.37894,33,28,0,0,1,30.55072343,26.84720511,79.00013037,1007.869312,15.69963,13.5241172
20160621,24022.37895,34,28,0,0,0,30.67527605,26.35795236,75.99591875,1008.87353,16.5589547,15.18667175
20160622,24895.36265,33,28,5,0,0,30.29628122,26.50974597,78.94036989,1009.079434,18.91391581,12.56516361
20160623,25371.88873,33,28,0,0,1,30.67957441,25.83649124,74.12186744,1008.102009,17.30370014,13.98486793
20160624,27422.22857,33,28,0,0,1,31.08534284,25.81872562,72.2834005,1007.787743,17.35131728,11.27144705
20160625,28635.48761,33,28,0,0,1,31.38034753,26.19012611,72.36173863,1008.511608,16.49967355,11.91258023
20160626,24898.56841,34,28,0,0,0,31.56223592,26.3655685,72.7445112,1008.51291,17.97340911,12.84491033
20160627,25319.73834,34,27,0,0,1,31.16100814,26.52664207,74.52138439,1006.833876,15.73851425,8.548581187
20160628,23904.71879,32,27,30,0,2,28.34711436,25.90641424,86.37755206,1007.707054,14.3365206,11.50683599
20160629,24987.88872,33,27,1,2,2,29.83344971,26.11070064,79.32991533,1009.502283,15.89673449,15.52329853
20160630,25461.69925,33,27,1,0,1,30.57713522,26.05612051,75.52886884,1009.71431,15.11214484,17.93189387
20160701,25896.52932,32,27,0,0,0,30.68278079,26.30636378,75.92270985,1008.270074,15.02524549,19.9642712
20160702,23271.20902,32,27,2,0,1,30.21053149,26.63257429,79.90318551,1008.581859,15.98053135,19.80900461
20160703,22039.36265,32,26,6,0,1,30.34858789,26.40594384,78.16337366,1007.853397,14.95343013,19.67598538
20160704,25047.05862,31,27,0.4,0,2,29.66201563,26.0131351,79.6282664,1005.775225,14.32030419,19.93454176
20160705,25597.54887,32,27,4,0,1,29.93190786,25.50255146,75.51445,1007.429794,14.97868843,14.47159627
20160706,25204.52932,32,27,37,0,2,27.50586218,25.45106521,88.23592257,1008.374473,14.50032366,7.139094403
20160707,25973.69924,34,28,0,0,0,31.06248193,26.1360799,73.56255677,1005.536512,15.49439932,11.87641649
20160708,27741.66666,34,29,0,0,1,32.84755849,26.61609809,68.67999187,1000.266933,13.85348824,12.29987591
20160709,23420.49672,34,28,25,0,0,32.98769398,27.1514795,70.70720186,998.4248147,11.23705682,12.33894194
20160710,22537.88871,34,27,7,1,2,28.95385632,25.78600795,82.22257946,1000.044176,14.15130908,9.609351109
20160711,26598.90827,31,26,18,0,2,28.81589307,26.53541463,87.19636092,1001.895995,16.24464687,9.014004268
20160712,26756.52933,31,27,3,1,1,27.56188379,25.6421407,88.67324148,1003.520741,14.45559792,7.634763866
20160713,25907.20902,31,26,37,1,2,28.13827379,26.01990486,87.89014417,1004.723562,13.08832985,9.390296017
20160714,26404.37894,32,27,5,0,1,29.37463707,26.76469951,85.82749624,1006.387839,15.35984873,12.83231037
20160715,28257.20903,32,28,0,0,1,30.19018269,27.63493196,85.21511264,1006.337485,16.9973825,19.84901292
20160716,24956.7188,33,29,0,0,0,30.79577393,27.88464346,83.05442011,1007.656608,14.92405539,21.53457373
20160717,23444.37894,33,29,0,0,0,30.98783942,27.40423317,80.44705367,1007.83054,15.0422414,18.79031627
20160718,30274.56843,33,27,0,0,0,30.31864568,26.85433176,80.26064971,1006.854056,15.52770409,21.030343
20160719,30418.7579,32,27,0.4,0,1,30.23369256,26.66961999,80.21886473,1007.244029,15.48325606,22.37390823
20160720,30764.41804,33,27,0.1,0,1,30.0443141,26.26747023,78.77188938,1009.223765,15.09059309,20.2891463
20160721,32597.77745,33,28,3,0,0,30.48062718,26.29193274,76.94589844,1010.715856,18.04229044,16.80693807
20160722,33479.2872,33,28,0,0,0,30.68377451,26.39932321,76.36688357,1009.648265,17.91255697,14.17095622
20160723,26084.19598,34,28,0,0,0,30.91688517,26.23861092,74.90761392,1008.278915,24.60190622,13.79180958
20160724,24803.39848,35,28,0,0,0,31.57807867,25.10238973,67.43120472,1007.779634,30,12.26120937
20160725,33026.6075,35,27,0,0,0,31.39570837,25.69971452,70.18058831,1008.005602,25.24019889,13.55107082
20160726,32556.08146,33,27,3,0,0,31.31223887,25.69757021,70.65356708,1007.643839,15.941829,15.183507
20160727,34374.75787,32,27,0,1,1,31.42202413,25.79103456,70.104583,1009.019248,15.34044674,16.03796541
20160728,34434.60752,32,28,0,0,0,31.27902782,25.86808575,71.13500544,1009.33767,17.40096235,13.2652566
20160729,35340.56843,34,28,0,0,0,31.81756743,25.67267113,69.10670794,1008.317667,30,12.4684948
20160730,28837.3985,35,26,9,0,0,30.61935211,25.32438523,72.50876806,1006.394409,16.62164169,11.38534909
20160731,27973.8203,35,28,0,0,0,31.51075654,25.08406532,66.88196972,1004.224907,14.08907533,11.50832118
20160801,33592.86917,33,26,15,3,3,31.03320086,25.37625072,70.41914713,998.7500924,10.49055828,16.43642315
20160802,20820.7188,28,25,84,2,3,26.87810218,25.32339799,90.79309894,997.0440998,8.470338327,27.34042262
20160803,31399.69924,30,25,24,1,2,27.2812509,25.03349377,87.64043184,1006.242493,14.61130103,13.82140189
20160804,33015.54887,31,27,0.4,0,2,28.52344486,25.69157041,83.73108629,1008.223519,15.80234272,11.72713226
20160805,36063.3369,33,26,0,0,0,30.46067942,26.28054504,77.12737674,1007.796827,16.73722701,10.42545646
20160806,31514.22855,33,28,0,0,0,31.2309027,26.94327845,77.01611614,1004.246708,17.63296582,10.21519193
20160807,28764.68619,34,28,0,0,0,31.33950162,28.01460574,81.02243575,1002.183997,22.90349026,13.84852073
20160808,33643.55277,34,27,0,0,2,31.39672098,27.71400333,79.59672081,1002.604465,15.85057021,13.76588159
20160809,43063.58797,32,27,0.1,2,2,30.40417117,26.51091925,78.0723548,1001.365548,13.6119236,8.375694953
20160810,37352.53583,31,26,100,2,2,26.63385816,24.90113141,89.66760935,1002.457467,11.646528,5.718597827
20160811,39931.21228,32,26,0.2,0,1,28.72464322,25.20897884,80.032043,1003.048163,14.91570084,10.19610536
20160812,39955.48042,31,27,3,1,2,28.43932421,25.99897289,85.50114488,1000.662962,7.547318162,9.182503566
20160813,36861.32617,30,26,18,0,2,30.01015761,25.82111739,77.16879082,999.3098484,15.96799603,11.08883263
20160814,32579.77742,30,26,11,2,2,28.61205622,24.99494304,79.81806929,997.6866839,13.69649504,12.64170995
20160815,36700.37895,30,25,9,3,3,27.84828466,25.43426469,85.69494238,997.2268318,13.46067075,9.082939729
20160816,36803.40176,28,25,5,0,3,27.38342303,25.18085706,87.63020994,995.3595098,12.62064298,11.51414163
20160817,37161.44785,28,26,12,2,3,27.8890361,25.74663315,87.49031009,993.0507501,13.22156977,16.18461823
20160818,38864.26768,29,26,28,0,3,28.33694801,25.64553511,84.75054746,996.0775087,14.64642881,18.05379892
20160819,40506.667,31,27,0.1,0,1,30.57036005,26.17685933,76.41667247,1002.794269,15.77863194,15.90459606
20160820,33036.90826,32,27,5,0,0,30.71878602,27.14674202,80.16508956,1004.198968,12.39410738,9.787761391
20160821,30155.10098,33,27,34,2,2,28.57043593,26.14465075,85.72381122,1002.526059,15.06063343,11.34421529
20160822,38709.05864,33,27,0,0,0,30.61716475,25.63962527,73.48306608,1004.296083,15.00056235,10.59011786
20160823,39193.21228,33,27,0,0,0,31.14718834,26.20679475,73.65843804,1004.164801,12.91221797,9.675639217
20160824,39119.77744,34,28,0,0,1,30.57520155,25.75727199,74.21506573,1003.442961,14.4379725,7.957180104
20160825,37690.94736,33,26,0,0,0,31.12400348,25.79317104,71.99623117,1003.983764,12.56052075,12.21178187
20160826,39332.23182,33,25,0.4,1,1,30.6153137,25.55833572,73.4868507,1004.437914,17.26648191,11.8577769
20160827,31638.90826,31,26,20,0,2,29.82154941,25.61428367,77.37259596,1006.071552,7.781963196,8.29310959
20160828,29644.41805,31,25,1,0,0,28.77889607,24.30889499,75.78750671,1006.22493,8.139063299,10.80207735
20160829,37933.43758,30,25,0,1,2,27.00668404,20.94680367,67.8922891,1007.471366,13.41698338,13.40755406
20160830,36997.70251,32,25,0,0,0,28.76958584,22.92691177,68.89651036,1007.167724,12.16938531,10.85317915
20160831,38911.66617,32,25,0,0,1,28.99991464,25.40631111,79.55690804,1005.694125,13.79512788,11.13799067
20160901,37231.24811,31,25,0.2,2,2,29.2770674,26.80992161,85.54618933,1002.170186,15.53219439,19.11551819
20160902,38004.71879,29,25,2,1,3,28.49699838,26.71332342,89.2072564,1001.514365,14.50080321,10.46619979
20160903,32291.28722,31,26,4,0,1,28.80664123,26.22887573,85.31693429,1002.600943,8.659885226,8.061286208
20160904,27240.56843,31,26,0,0,1,28.32726593,25.26365265,81.88672562,1004.853488,10.31125155,9.663008146
20160905,34794.83451,31,26,31,1,1,27.75816195,24.91859884,83.85379655,1005.843116,9.311694101,10.5297989
20160906,35151.20902,31,26,30,1,2,27.784484,25.52766903,86.68807099,1006.335574,12.41117524,9.224112186
20160907,37026.56843,31,26,0,1,1,27.93777686,25.53943487,86.63654403,1007.038737,13.81742118,13.03137296
20160908,36733.24812,30,26,0.6,0,3,27.93245345,25.79086874,87.79475876,1007.691145,15.17008735,10.30354146
20160909,37651.40501,31,26,6,1,1,27.63884048,25.69888272,88.53081688,1007.965831,14.42542258,11.97693127
20160910,26363.55211,31,26,14,0,1,26.65401606,25.00215604,90.70242374,1007.255746,12.41660491,9.172450342
20160911,28982.52298,30,25,5,0,1,28.82490575,25.91234302,83.45384507,1008.129402,13.96566481,8.946137497
20160912,35424.42129,32,26,0,0,0,29.85976684,24.94089056,73.05576066,1009.963377,16.08127338,7.681727855
20160913,36425.02279,33,27,0,0,0,29.39472246,25.44683139,78.02333533,1009.80573,16.5022274,9.549020182
20160914,36830.71877,33,25,0,0,1,30.99168048,22.29648162,57.8672692,1004.195066,24.347628,19.2276679
20160915,23672.90827,30,27,0,0,1,30.97023136,23.32838268,61.5730462,1002.822927,19.03215994,16.26600404
20160916,23535.85288,33,26,0,0,0,31.21544872,22.50867934,58.23341451,1004.725869,16.27745178,12.22950998
20160917,25004.22858,32,26,0,0,0,31.19385355,21.46874595,54.3396596,1005.847998,19.32751889,17.34560229
20160918,34949.16356,32,25,0,0,0,30.08008677,21.83166898,59.07356679,1006.703493,17.36674996,11.65180808
20160919,34965.3594,31,24,20,0,0,29.46574718,22.32187286,64.72911947,1007.745171,13.69540401,13.42350779
20160920,33148.00649,31,24,13,0,1,26.77477421,21.49868493,72.51382727,1012.345805,8.103373243,11.35044126
20160921,35266.52933,30,25,0,0,0,29.55796004,20.97335378,58.6263797,1014.150275,14.66460811,12.11190811
20160922,35347.05865,30,25,0,0,0,28.76199897,21.86482213,64.62414359,1013.043401,16.06318597,12.18573244
20160923,39725.05865,31,26,0,0,0,28.86581552,22.58384466,66.99882318,1011.430312,19.5447657,11.49072707
20160924,32479.8107,31,26,0,0,0,29.78372363,23.14799258,66.17837649,1010.004671,17.26054306,11.60111727
20160925,29596.41805,32,26,0,0,0,29.60118735,24.51048963,72.8216041,1009.583786,11.35052181,11.12998507
20160926,36860.7188,33,27,0,0,0,29.78092492,25.91540863,78.55651851,1007.247523,5.640184991,10.7023962
20160927,36304.86917,34,28,0,0,0,32.77232512,23.54351652,58.00834732,1002.319198,9.114226777,14.98843947
20160928,38262.64711,32,24,0,0,0,30.90197514,21.89833761,56.42632928,999.587973,13.22036715,23.81934688
20160929,38304.56841,30,23,0,0,1,24.94550117,18.91637051,67.62136272,1005.070361,15.8290398,17.36257181
20160930,42045.50174,29,24,0,0,0,22.94378051,20.24399233,83.19771266,1008.173599,7.320783003,13.25655477
20161001,26354.90826,28,24,4,0,0,26.52191435,23.66909164,83.5237585,1009.78375,10.03769439,8.911718208
20161002,23508.86282,30,25,0,1,1,28.54872982,24.23277602,76.38494174,1008.665557,13.41563899,8.656439292
20161003,21964.90827,30,25,0,1,1,29.26743795,24.20239387,72.73034859,1007.497199,15.77358711,9.886827139
20161004,21369.70576,31,25,14,1,1,28.68166947,24.31166795,76.50373551,1007.560496,15.25867797,10.33436857
20161005,21136.7188,31,25,4,0,1,28.81956905,23.65011117,73.29937555,1008.879627,9.89984119,12.80231143
20161006,24878.90827,32,26,0,0,0,30.0231674,22.95848739,64.42086228,1008.985596,14.90815797,13.10496681
20161007,26325.50344,31,25,0,0,0,29.4921313,23.1426282,66.76481487,1006.977539,15.73716479,13.56692972
20161008,36944.22858,30,24,0,0,0,28.74209216,22.00258622,65.24642377,1007.167477,14.89473326,18.01159615
20161009,35311.73834,29,23,0,0,0,26.24692531,19.7424743,65.3943082,1009.565309,14.33993649,18.59714813
20161010,37170.37894,29,23,0,0,1,26.31652734,18.16723346,58.8320642,1010.417498,14.27273703,17.24496583
20161011,37998.37895,26,20,0.4,0,1,24.33696291,19.45994001,72.37276751,1011.182582,15.03940528,19.45487305
20161012,36080.28807,25,22,1,0,2,24.27364873,20.14128596,76.1881045,1013.204093,14.88225092,16.87666861
20161013,37721.85287,28,23,0,0,0,26.89803354,20.37424858,66.17505947,1013.584889,16.19796582,14.68178581
20161014,37635.20903,30,24,0,0,0,28.1314373,20.82753969,62.94915309,1012.906772,16.51617599,11.96120597
20161015,31863.70576,30,24,0,0,0,28.08947222,20.29043026,60.77780184,1012.649773,15.08585119,12.24735094
20161016,28431.54888,30,25,0,0,0,29.69062768,21.26199859,57.9934228,1010.881121,17.14515749,15.58284299
20161017,35892.03909,29,23,4,0,2,27.82425471,22.68313324,72.59106825,1009.063577,11.80848354,13.77664103
20161018,31725.20902,27,24,69,3,3,25.00860923,23.89967686,93.68722988,1007.838709,7.225836823,15.75786618
20161019,32682.6797,28,25,54,0,1,25.61467763,24.48552505,93.12519349,1008.479988,8.49331303,12.63131835
20161020,41234.71879,31,23,0,0,0,28.20323835,24.27957597,78.62168735,1004.438969,11.41750574,11.37849399
20161021,20815.54888,28,24,58,2,3,26.49435342,23.63105357,83.79275828,995.8385963,8.180258227,32.68002079
20161022,32917.73835,29,25,0,0,0,27.62248355,25.46913189,87.4151117,1007.659394,12.25189387,15.21238346
20161023,30595.88871,30,25,0,0,0,28.08704586,25.0063877,82.30413953,1009.631683,12.51887931,7.611696184
20161024,36601.3594,30,25,10,0,0,28.33953696,25.22735431,82.02935957,1010.765723,14.29193617,10.68653929
20161025,36801.17644,30,24,0.6,0,0,28.45804162,24.83853445,79.59753401,1012.774425,16.19189481,11.5665842
20161026,38079.51627,31,25,0,1,1,28.36007503,24.02146926,76.16691416,1015.413598,15.98152794,9.251897213
20161027,37088.75789,32,25,0,0,0,28.70921294,24.13947951,74.83107268,1015.831737,19.68555769,9.451943423
20161028,38357.58796,31,24,0,0,0,28.951756,24.38126496,75.04017115,1014.533451,13.62684558,8.575126573
20161029,30778.26764,29,23,0.4,0,0,27.27242122,21.95425792,71.12203206,1017.412695,10.876608,18.14127702
20161030,28697.40174,28,22,0,0,0,23.67975858,17.22000454,65.23236304,1020.163244,13.13927099,15.32753907
20161031,35575.35939,27,21,0,0,0,26.09975011,19.0164059,63.0670175,1018.896859,21.95087482,13.53609001
20150706,22,32,27,0,0,0,31.66666667,22.25,54.80555556,1000.75,11.55555556,17.10000017
20150707,23.16992521,32,26,0,0,0,32.1875,20.625,49.6875,999.25,10.25,15.07499969
20150709,118,30,25,5,0,3,28.52608225,21.64816017,66.47391775,996.7619048,10.828125,26.53402611
20150710,157.1699252,32,27,7,0,0,29.70194805,23.93831169,69.35606061,1000.131818,15.21536797,9.806493469
20150711,124,33,27,0,0,0,32.57993025,23.47454305,56.9011544,999.3882997,11.5952381,13.39160171
20150712,138,34,29,0,0,0,32.28777778,25.41888889,66.20777778,1000.597222,8.555,11.58799985
20150713,206,35,28,0,0,0,31.68649098,26.09182947,70.61836929,1001.714209,13.41695527,13.97075699
20150714,324,34,28,0,0,0,31.42391023,25.8758359,71.0327243,1000.984838,16.58982684,16.3551388
20150715,316,34,28,0,0,0,31.49034665,25.69600551,69.89539715,1000.006623,14.25203963,15.72826449
20150716,404,34,28,0.1,0,1,31.41664863,26.45505051,74.05519481,999.4220238,15.92906336,13.24818186
20150717,837.5097752,32,27,4,0,0,28.48747681,25.47525462,82.75516011,1001.074843,15.71582492,9.456845855
20150718,1146,32,26,0,0,2,31.20537664,24.61988744,66.30015327,1001.122945,14.77613115,11.65639059
20150719,1304,32,26,0,0,0,32.41913211,23.3969977,57.19994953,1000.554295,11.34522264,13.70835695
20150720,983.5097747,32,26,15,2,3,28.69763143,24.72602584,78.49121202,1000.701123,11.42930195,13.29108725
20150721,960,28,25,15,0,3,26.87099437,24.42056923,85.99819581,1006.84835,10.93081826,16.86055605
20150722,1226,30,25,30,0,0,29.16741944,26.10339466,82.46145002,1007.403924,11.57410445,19.42383006
20150723,1260.797487,30,25,5,2,2,27.95090132,25.40749119,85.04824237,1007.330081,12.11811135,20.42258315
20150725,1442,30,26,0.7,2,2,28.83813214,25.46513576,80.77433097,1005.979526,12.79733292,22.06374699
20150726,1677.169925,30,26,6,0,2,29.22867892,25.49756584,79.19028237,1008.810137,13.80050883,24.0234867
20150727,1144,32,26,0.4,0,0,29.78695778,25.30805941,75.62863409,1010.86815,13.93749855,19.98903114
20150728,1372,32,26,0.7,0,0,29.7585588,24.08031056,69.54516755,1011.572985,14.75834811,16.18492785
20150730,1575.01955,32,26,1,0,0,28.62260142,23.70475255,73.16814081,1010.663474,15.28894743,16.18003765
20150731,1631.169925,33,27,0,0,0,29.44116116,23.86981027,70.35633314,1010.510279,17.10664976,13.90904027
20150801,1745.169926,33,26,0,0,0,29.76686731,24.13861537,69.65477218,1010.556586,15.2374645,12.20216837
20150802,1854,33,26,0,0,0,29.74083446,23.89201369,69.16047651,1011.078641,18.84642281,11.15112771
20150803,1601.509775,34,26,0,0,0,30.24230948,24.5067471,69.78189291,1009.926056,17.54240631,12.90416177
20150804,1587.169925,34,26,0,0,0,30.27605449,23.93676873,66.88536194,1007.672192,13.89337876,11.41487009
20150805,1926.339849,34,28,0,0,0,30.53588456,24.8683626,70.30775891,1005.421907,17.91593407,12.14574213
20150806,1966,34,27,0,0,0,31.26692556,23.87219416,63.7116607,1004.486573,21.58333333,11.90853273
20150807,2234.339851,34,28,0,0,0,32.99356902,24.28371176,58.86686686,1002.438705,10.07202747,12.80973993
20150808,2961.849627,34,28,0,0,1,34.61109582,23.32954656,50.23238427,997.8585996,11.70178571,19.69918181
20150810,2355.627563,32,26,3,0,1,28.85917712,25.18099634,79.10530022,1004.328177,12.21898025,14.87754013
20150811,2650,32,26,13,0,1,29.10589517,25.27681017,78.8267738,1006.664389,16.46471451,8.85779391
20150812,3015.509776,31,26,0,0,0,30.85401754,26.19576132,75.06971642,1007.328105,14.28343838,14.38020697
20150813,2733.477192,32,26,5,0,0,28.88079064,25.79327852,82.34543609,1007.212459,13.62054118,20.60595529
20150814,2926.339851,33,26,78,2,3,28.08173432,25.14220764,83.1309007,1006.892184,13.16278439,12.21604397
20150815,2886,31,26,19,0,2,26.05452329,24.15848014,88.3095805,1008.294335,12.44976398,12.62722587
20150817,2552,32,27,0,0,0,30.21168546,27.00006984,81.34969315,1007.36846,13.6086913,17.20702222
20150818,2835.954561,33,28,0,0,0,30.35920619,26.49087971,78.68580668,1007.306541,16.94800951,17.30571077
20150819,2927.169925,34,28,0,0,0,30.54246556,26.45433773,77.58191616,1007.300585,16.69153809,14.46338992
20150820,3235.169925,33,28,12,0,0,29.55750095,26.04316169,80.44937186,1006.042467,9.242522974,7.024246374
20150821,3389.509777,34,28,0.2,0,0,31.23273114,25.72218751,71.29452382,1001.951575,9.105948899,10.83598744
20150822,3813.169926,34,28,0,0,0,31.54789072,24.11401028,62.56438253,1000.010803,10.63872316,13.6977165
20150823,3446.339851,34,28,0,0,0,32.42891703,24.0021637,59.15728847,999.8193366,12.44094304,15.14858453
20150824,3333.169922,34,28,0,0,0,32.64450734,21.57483851,49.88229515,1002.115889,13.65789474,11.21550133
20150825,3278.33985,34,28,0,0,0,32.48171784,20.43967592,47.47314841,1005.272934,10.60862573,11.61638257
20150826,3084.33985,33,26,11,0,0,30.39855575,23.87783532,66.64607678,1007.672796,8.330927692,13.35564529
20150828,3663.509777,32,26,1,0,2,28.90965697,24.66670496,76.77394738,1005.921767,12.48808174,10.1831342
20150829,3771.509773,30,26,11,0,1,28.47978665,25.0741805,80.92497822,1005.738542,14.5318591,9.83028735
20150830,3896,30,26,2,2,3,27.4810007,24.92160457,85.10098642,1006.479932,12.37344911,8.201112257
20150831,3425.509774,30,26,0,2,2,27.91184797,24.626411,81.73931178,1007.052045,13.39814746,9.389929898
20150901,3492.339849,30,26,0.3,0,0,28.71171165,25.0381015,78.94796109,1007.308633,17.656799,10.64111156
20150902,3739.509775,30,25,16,0,2,26.9224665,24.25350854,84.3791771,1010.628629,14.160819,12.69296312
20150903,3699.509777,31,26,0,0,0,28.84608487,25.11902946,79.07783057,1012.576144,15.27318571,7.966420228
20150904,3659.509775,33,27,0,0,0,30.03513637,25.55654348,75.72032287,1012.553196,15.67832878,13.31296632
20150905,3668,33,27,0.4,0,0,30.34118419,25.39281827,73.31769947,1010.668598,16.79351332,12.78774135
20150906,3156,33,26,0,0,0,30.54178688,26.13631417,75.99456911,1007.128079,13.87696569,14.22445205
20150907,2956,30,26,5,0,0,28.25683456,25.01374941,81.83314896,1007.225507,9.858523747,11.57445581
20150908,3310,32,25,0,0,0,29.57969814,21.93555936,61.85060739,1008.982362,12.6622707,12.02681708
20150909,3909.169926,31,26,0,0,0,29.41365769,21.70034387,61.30530495,1011.635427,19.36429196,11.6687118
20150910,3240.339851,31,26,0,0,0,29.17297723,22.19833261,64.45212906,1012.199643,14.02542442,11.42291908
20150911,3696.679701,32,25,2,0,0,29.15293492,22.92108247,67.16391105,1010.161027,11.01794551,12.34205454
20150912,3675.169926,32,25,3,0,1,28.78265469,23.3284739,70.31371117,1011.112843,9.61224008,10.32794985
20150913,3624.339851,30,25,0,0,0,29.38008332,20.34171991,57.15864639,1013.101954,9.569388546,14.17332822
20150914,1890.679699,31,25,0,0,0,29.0062913,20.9471121,60.49634883,1011.963121,10.17080201,12.71218716
20150915,1964.6797,30,25,0,0,0,30.22997475,21.57483796,58.15164602,1010.785821,12.75679645,13.74724825
20150916,1976.339849,31,24,0,0,0,28.59318836,23.3183889,71.96167457,1011.731712,13.29219907,10.6065287
20150917,1950.33985,31,26,0,0,0,29.24826316,23.4506772,68.87812966,1014.390255,14.02754243,9.276010057
20150918,2088,32,26,0,0,0,29.06313959,23.85138874,72.27010548,1014.57543,12.20212086,12.90826494
20150919,2170,32,25,0,0,0,29.31324755,24.4875485,73.86866966,1011.481894,10.90548654,15.64788515
20150920,2192,31,25,1,0,0,28.50836009,23.98766039,74.74016335,1008.631018,12.23887315,14.94375656
20150921,2040.983706,30,24,147,0,2,26.45489555,24.02554117,85.58397334,1008.53125,9.279934545,8.901239759
20150922,2436,30,26,0,0,0,29.51504989,24.53557837,72.93006143,1009.490124,13.33332067,11.78818501
20150923,2452,32,26,0,0,0,29.58969886,24.72679446,73.50607697,1008.614973,21.0046627,11.79429586
20150924,2696,33,27,0,0,0,30.11067418,25.21039344,73.48489986,1006.192289,26.73455538,12.57467109
20150925,3183.169925,34,27,0,0,0,30.28354609,25.62291865,74.39402195,1004.353257,17.23924964,11.41810364
20150926,2650.6797,32,26,4,0,0,30.33707798,25.93169503,75.83077778,1006.489791,7.853229544,10.42717084
20150927,2214.6797,32,26,0,0,0,30.3527936,22.33545561,60.21498631,1007.911305,12.54381868,13.75585762
20150929,3378.339849,32,26,0,0,0,30.93717236,19.72840715,49.22781968,1005.526498,15.32777778,12.96428663
20151001,3812.339851,31,25,7,0,0,29.91924675,25.14102311,74.23320908,1012.281334,6.769825499,10.5012631
20151002,3041.509775,31,26,0.4,0,0,29.15947212,21.07660703,60.09827036,1012.435923,12.47651087,13.57111894
20151003,3217.849626,30,24,33,0,3,27.71350506,22.43627644,71.95266409,1011.638681,13.00602914,19.98610498
20151004,2517.509776,27,24,53,2,2,26.41719318,24.11625729,86.18292475,1013.001606,10.89276722,20.06684936
20151005,2952.679702,29,24,7,0,1,27.03413729,24.24527135,83.38102425,1014.729676,12.53767287,16.37769064
20151006,3101.169925,30,25,8,0,0,27.4281882,24.15549578,81.34167298,1013.795453,12.46854706,12.8842092
20151007,3406.679699,30,24,7,0,2,26.63667027,24.49619788,87.09210386,1012.403247,11.87820504,9.32189806
20151008,3806.339848,30,25,0,0,0,28.56233829,22.21862975,67.30029109,1010.360056,12.86933777,15.02830077
20151010,4380.339849,28,20,0,0,1,23.28525854,17.85179233,69.31914337,1014.463406,11.4867794,18.46711128
20151011,4244.679701,24,18,0.6,0,1,18.8393672,14.78399879,76.11596299,1019.254876,11.9977967,18.12118357
20151012,4722,26,20,0,0,0,23.90936565,14.6726269,54.11822812,1019.082754,12.5156724,7.757944298
20151014,5246.33985,30,23,0,0,0,25.86088151,19.36818575,65.54776491,1017.00231,7.285637793,9.89532064
20151015,5302.189471,30,22,0,0,0,26.31770937,20.23778869,67.72981849,1014.542537,5.301148471,9.764009953
20151016,6358.039099,30,23,0,0,0,27.59026119,16.86024015,51.22757572,1013.274794,7.780467782,8.961947227
20151017,5672.833333,31,22,0,0,0,28.36948401,15.04555244,44.83845221,1013.00415,9.777475576,9.400788314
20151018,4863.509774,31,22,0,0,0,27.14615478,15.11359221,46.58065311,1012.19655,10.1974026,10.01260921
20151019,5200.062751,30,22,0,0,0,25.99716615,15.38996246,50.15658585,1009.603313,10.36182845,12.83145609
20151020,5862.339847,29,23,0,0,0,26.49883991,16.04782912,50.24786438,1008.313118,11.21561714,10.40862419
20151022,6392,30,24,0,0,0,28.77308587,19.50829404,56.50003863,1011.750298,15.163486,9.778516859
20151023,6637.509775,32,24,0,0,0,28.12211479,19.6080053,58.51447661,1012.662649,10.07271896,8.583547605
20151024,6193.359403,31,23,0,0,0,27.62185292,21.00503341,65.54734609,1014.826595,8.952868733,10.90050493
20151025,5974.189479,29,23,0,0,0,27.67449015,20.24642366,62.09378726,1016.275048,13.42844183,13.08522081
20151026,6227.849623,29,24,0,0,0,26.43005464,21.61749071,72.6044432,1016.351217,11.39187755,11.4717965
20151027,6298.679699,29,24,0,0,0,27.83256651,22.27782917,70.16044103,1015.061574,9.161656895,9.149335008
20151028,6841.509769,30,24,0.3,0,0,27.50036207,23.057717,75.12649095,1016.499972,7.527546421,11.48601087
20151029,6581.813782,30,24,0,0,0,27.53827867,21.7691807,68.83405386,1017.853321,11.57884267,12.60850323
20151030,7365.019549,30,22,0.1,0,1,27.81194446,21.97640291,68.99285454,1017.447371,9.851791323,9.845152107
20151031,6431.359399,27,20,0.8,0,0,26.35396871,19.90831083,66.07587435,1020.065001,11.51138178,13.1976812
20151101,5855.019552,26,18,0,0,0,21.35511146,14.89475708,64.91396397,1021.486532,14.87673011,18.31632853
20151102,6369.359404,26,19,0,0,0,21.12386872,11.85225495,52.82294501,1020.182886,12.74630385,13.54264444
20151103,6490.679702,24,22,0,0,0,24.41206688,14.94525823,52.99341187,1019.198734,13.5783305,11.08953543
20151104,7148.33985,27,23,0,0,0,25.84561582,18.38222346,61.33479453,1017.760254,7.189906541,9.70539871
20151107,8055.6634,28,24,0,0,0,27.86130655,22.80778501,72.58524201,1015.963619,13.92968083,10.73808351
20151108,8028.378955,29,25,0,0,0,27.99271294,22.80126187,71.78488974,1016.058185,15.02810558,9.204292015
20151109,8044.94626,27,22,0,0,0,27.70687114,21.62200258,67.45396573,1015.440536,11.76996711,12.50960179
20151110,8281.61797,27,21,0,0,0,24.54582635,18.64558123,67.46139125,1016.955394,10.1471135,13.54516764
20151111,8268.800749,27,23,0,0,0,25.25519699,19.44255052,68.30310029,1017.205171,10.7380769,11.79565505
20150724,1352.339849,30,25,120,0,2,27.93543967,25.42296541,85.84392445,1006.231226,10.88470042,21.81060381
20150729,1447.169925,32,26,0.1,0,1,28.65008795,23.8189428,73.61106568,1011.025804,14.31757304,16.22594815
20150816,2903.849626,31,27,0.7,0,0,29.19988383,27.0099123,87.17597149,1007.904703,12.49309063,15.02994119
20150928,3303.169925,32,25,0,0,0,30.22460879,19.48592823,50.39976637,1006.406227,15.41597222,16.23525548
20150930,4708.339851,32,26,0,0,0,30.23014018,24.0832646,67.68289941,1011.189618,8.397372363,11.7972296
20151009,3758,29,22,0,0,0,27.66022153,19.14490795,57.82692072,1011.661814,16.96087801,15.01480226
20151013,5008.679701,28,22,0,0,0,25.87114812,16.51920189,54.44868039,1018.322503,11.61109434,9.21289917
20151021,6396.706608,30,23,0,0,0,27.54360569,18.95008232,57.37837398,1010.239858,12.04449789,10.40299621
20151106,7459.509776,29,25,0,0,0,27.29482234,21.03650847,66.97928385,1015.239935,14.70060366,13.52140088
20150708,112.3398504,32,25,0,0,0,30.17777778,19.95925926,51.56666667,1000.177778,14.79583333,20.06666685
20150809,2382.679701,34,26,17,0,1,32.24389257,25.08872705,65.56656806,998.0948503,11.12245532,13.93215877
20150827,3407.169925,33,26,1,0,0,29.40252577,24.93016933,75.52052047,1007.559777,8.753465215,11.58499662
20151105,6901.509775,30,24,0,0,0,26.94016562,21.11039618,68.99649617,1015.544843,11.59355162,10.71518919
